ticker,published_at,source,title,url,entities
BX,2026-03-05T06:13:26+00:00,Simply Wall St.,Blackstone Redemptions Test Liquidity As Shares Trade Below Fair Value,https://finance.yahoo.com/news/blackstone-redemptions-test-liquidity-shares-061326754.html,Blackstone Redemptions Test Liquidity As Shares Trade Below Fair Value Blackstone's [ORG]; Blackstone [ORG]; NYSE [ORG]; BX [ORG]; around $114.14 [MONEY]
BX,2026-03-05T05:10:17+00:00,Simply Wall St.,Is Blackstone (BX) Now At A Reasonable Price After Recent Share Price Slide,https://finance.yahoo.com/news/blackstone-bx-now-reasonable-price-051017982.html,Blackstone [ORG]; 114.14 [MONEY]; 3.5% [PERCENT]; 19.2% [PERCENT]; 28.1% [PERCENT]; 22.4% [PERCENT]; 36.9% [PERCENT]; 91.3% [PERCENT]
BX,2026-03-05T00:11:00+00:00,Zacks,Is There Opportunity in Private Credit Stocks or Still Too Much Risk?,https://finance.yahoo.com/news/opportunity-private-credit-stocks-still-001100965.html,
BX,2026-03-04T19:40:00+00:00,Barrons.com,Blue Owl Stock Has Plunged on Private Credit Fears. This Analyst Says They’re Overblown.,https://www.barrons.com/articles/blue-owl-stock-price-private-credit-buy-51860113?siteid=yhoof2&yptr=yahoo,Blue Owl Stock Has Plunged [ORG]; Private Credit Fears [ORG]; Blue Owl Capital [ORG]; Chris Kotowski [PERSON]; Oppenheimer [ORG]; Kotowski [PERSON]
BX,2026-03-04T19:22:00+00:00,Barrons.com,KKR Co-CEOs Keep Buying the Stock Dip,https://www.barrons.com/articles/kkr-stock-price-buy-ceo-94428bd1?siteid=yhoof2&yptr=yahoo,KKR Co-CEOs [ORG]; Keep Buying the Stock Dip [ORG]; KKR [ORG]; Joseph Bae [PERSON]; Scott Nuttall [PERSON]; $8.8 million [MONEY]; Independent [ORG]; Mary Dillon [PERSON]; $2 million [MONEY]
BX,2026-03-04T14:20:03+00:00,MT Newswires,Sector Update: Financial Stocks Advance Pre-Bell Wednesday,https://finance.yahoo.com/news/sector-financial-stocks-advance-pre-142003179.html,Advance Pre-Bell [PERSON]; Financial [ORG]; the State Street Financial Select Sector SP [ORG]
BX,2026-03-04T12:51:08+00:00,GuruFocus.com,Blackstone's $4 Billion Hong Kong Bet Hits Wall,https://finance.yahoo.com/news/blackstones-4-billion-hong-kong-125108733.html,Blackstone [ORG]; $4 Billion [MONEY]; New World [ORG]
BX,2026-03-04T11:38:24+00:00,MT Newswires,Update: Market Chatter: Blackstone's Talks With New World Development Stalled Over Control,https://finance.yahoo.com/news/market-chatter-blackstone-apos-talks-113824301.html,Blackstone [ORG]; Talks With New World Development [ORG]; BX [ORG]
BX,2026-03-04T10:09:31+00:00,MT Newswires,Market Chatter: Blackstone's Talks With New World Development Stalled Over Control,https://finance.yahoo.com/news/market-chatter-blackstone-apos-talks-100931340.html,Blackstone [ORG]; Talks With New World Development [ORG]; Control Blackstone's [ORG]; BX [ORG]; Hong Kong [GPE]; New World Development [ORG]
BX,2026-03-04T09:52:00+00:00,MarketWatch,A Blackstone executive made a revealing comment about the state of private credit,https://www.marketwatch.com/story/a-blackstone-executive-made-a-revealing-comment-about-the-state-of-private-credit-86dd510f,Blackstone [ORG]
KKR,2026-03-05T19:58:31+00:00,GuruFocus.com,Cosmetic Lens Maker Moody Considers Sale That Could Value Company at $1 Billion,https://finance.yahoo.com/news/cosmetic-lens-maker-moody-considers-195831548.html,$1 Billion [MONEY]; Shanghai Moody Technology [ORG]; over 1 billion yuan [MONEY]
KKR,2026-03-05T18:11:00+00:00,Simply Wall St.,KKR Insider Buying And New Retail Fund Reshape Growth Story,https://finance.yahoo.com/news/kkr-insider-buying-retail-fund-181100212.html,KKR [ORG]; NYSE [ORG]; Capital Group [ORG]
KKR,2026-03-05T05:07:37+00:00,Simply Wall St.,How The Story Is Shifting For KKR (KKR) As Analysts Rework Valuation Targets,https://finance.yahoo.com/news/story-shifting-kkr-kkr-analysts-050737764.html,KKR [ORG]; Analysts Rework Valuation Targets [ORG]; US$143.87 to US$140.40 [MONEY]; 127 [MONEY]; US$125 and US$168 [MONEY]
KKR,2026-03-04T19:22:00+00:00,Barrons.com,KKR Co-CEOs Keep Buying the Stock Dip,https://www.barrons.com/articles/kkr-stock-price-buy-ceo-94428bd1?siteid=yhoof2&yptr=yahoo,KKR Co-CEOs [ORG]; Keep Buying the Stock Dip [ORG]; KKR [ORG]; Joseph Bae [PERSON]; Scott Nuttall [PERSON]; $8.8 million [MONEY]; Independent [ORG]; Mary Dillon [PERSON]; $2 million [MONEY]
KKR,2026-03-04T16:39:00+00:00,Barrons.com,Washed-Out Private-Credit Stocks Approach Technical Inflection Points,https://www.barrons.com/articles/private-credit-stocks-kkr-apollog-approach-technical-inflection-points-b9a8ccc2?siteid=yhoof2&yptr=yahoo,Private-Credit Stocks Approach Technical Inflection Points Publicly [ORG]; KKR & Co [ORG]; 27% [PERCENT]; 39% [PERCENT]
KKR,2026-03-03T20:25:00+00:00,Barrons.com,Blackstone’s Private Credit Fund BCRED Sees Record Redemptions. The Worries Are Growing.,https://www.barrons.com/articles/blackstone-bcred-redemptions-private-credit-fund-stock-price-19b02b90?siteid=yhoof2&yptr=yahoo,Blackstone’s Private Credit Fund BCRED Sees Record Redemptions [ORG]; The Worries Are Growing [ORG]
KKR,2026-03-03T15:45:00+00:00,Zacks,"VCTR Proposes the Acquisition of JHG, Sees $500M in Cost Synergies",https://finance.yahoo.com/news/vctr-proposes-acquisition-jhg-sees-154500335.html,VCTR [ORG]; $500M [MONEY]; Janus Henderson [PERSON]
KKR,2026-03-02T14:47:29+00:00,Insider Monkey,RBC Capital Initiates Coverage on KKR & Co. Inc. (KKR) with an Outperform Call,https://finance.yahoo.com/news/rbc-capital-initiates-coverage-kkr-144729592.html,RBC Capital Initiates Coverage [ORG]; KKR & Co. Inc. [ORG]; KKR [ORG]; Outperform Call KKR & Co. Inc. [ORG]; NYSE [ORG]; Buy [PERSON]; RBC Capital [ORG]; Outperform [ORG]; 137 [MONEY]
KKR,2026-02-28T03:57:59+00:00,Insider Monkey,"Barclays Cuts KKR & Co. (KKR) Price Target Amid Mixed Q4 Results, Maintains Overweight Rating",https://finance.yahoo.com/news/barclays-cuts-kkr-co-kkr-035759375.html,Barclays Cuts KKR & Co. [ORG]; KKR [ORG]; Mixed Q4 Results [PERSON]; KKR & Co. Inc. [ORG]; NYSE [ORG]; Barclays [ORG]; 136 [MONEY]; 159 [MONEY]; Overweight [ORG]
KKR,2026-02-27T23:12:34+00:00,Simply Wall St.,KKR (KKR) Is Down 13.3% After FS KKR Credit Strains And Dividend Cut - Has The Bull Case Changed?,https://finance.yahoo.com/news/kkr-kkr-down-13-3-231234991.html,KKR [ORG]; 13.3% [PERCENT]; FS KKR Capital Corporation [ORG]; 31% [PERCENT]
APO,2026-03-05T09:14:23+00:00,Simply Wall St.,A Look At Apollo Global Management (APO) Valuation As Epstein Related Lawsuits Stir Legal And Reputation Concerns,https://finance.yahoo.com/news/look-apollo-global-management-apo-091423719.html,Apollo Global Management [ORG]; APO [ORG]; Jeffrey Epstein [PERSON]; Apollo [ORG]
APO,2026-03-05T00:11:00+00:00,Zacks,Is There Opportunity in Private Credit Stocks or Still Too Much Risk?,https://finance.yahoo.com/news/opportunity-private-credit-stocks-still-001100965.html,
APO,2026-03-04T19:40:00+00:00,Barrons.com,Blue Owl Stock Has Plunged on Private Credit Fears. This Analyst Says They’re Overblown.,https://www.barrons.com/articles/blue-owl-stock-price-private-credit-buy-51860113?siteid=yhoof2&yptr=yahoo,Blue Owl Stock Has Plunged [ORG]; Private Credit Fears [ORG]; Blue Owl Capital [ORG]; Chris Kotowski [PERSON]; Oppenheimer [ORG]; Kotowski [PERSON]
APO,2026-03-04T18:09:31+00:00,Bloomberg,"Bill Gates, Leon Black Testimony Sought for Epstein Probe",https://finance.yahoo.com/news/bill-gates-leon-black-testimony-003354007.html,Bill Gates [PERSON]; Leon Black Testimony [PERSON]; House Oversight Committee [ORG]; James Comer [PERSON]; Goldman Sachs Group Inc. [ORG]; Kathryn Ruemmler [PERSON]; Ted Waitt [PERSON]
APO,2026-03-04T16:39:00+00:00,Barrons.com,Washed-Out Private-Credit Stocks Approach Technical Inflection Points,https://www.barrons.com/articles/private-credit-stocks-kkr-apollog-approach-technical-inflection-points-b9a8ccc2?siteid=yhoof2&yptr=yahoo,Private-Credit Stocks Approach Technical Inflection Points Publicly [ORG]; KKR & Co [ORG]; 27% [PERCENT]; 39% [PERCENT]
APO,2026-03-04T15:08:12+00:00,Insider Monkey,"Jim Cramer Explains Why Ares Management, KKR and Apollo “Traded in Lockstep”",https://finance.yahoo.com/news/jim-cramer-explains-why-ares-150812825.html,Jim Cramer Explains [PERSON]; KKR [ORG]; Apollo [ORG]; Lockstep [GPE]; NYSE [ORG]; ARES [ORG]; Jim Cramer [PERSON]
APO,2026-03-04T04:47:26+00:00,Bloomberg,Private Market Titans Warn of Pain as Credit Cracks Widen,https://finance.yahoo.com/news/private-market-titans-warn-pain-044726765.html,Blackstone Inc. [ORG]; AI [GPE]; America [GPE]; Apollo Global Management Inc. [ORG]; Marc Rowan [PERSON]; the Bloomberg Invest [FAC]
APO,2026-03-03T20:59:44+00:00,MT Newswires,Sector Update: Financial Stocks Retreat Late Afternoon,https://finance.yahoo.com/news/sector-financial-stocks-retreat-afternoon-205944599.html,NYSE Financial [ORG]
APO,2026-03-03T20:25:00+00:00,Barrons.com,Blackstone’s Private Credit Fund BCRED Sees Record Redemptions. The Worries Are Growing.,https://www.barrons.com/articles/blackstone-bcred-redemptions-private-credit-fund-stock-price-19b02b90?siteid=yhoof2&yptr=yahoo,Blackstone’s Private Credit Fund BCRED Sees Record Redemptions [ORG]; The Worries Are Growing [ORG]
APO,2026-03-03T18:40:43+00:00,MT Newswires,Sector Update: Financial Stocks Mixed Tuesday Afternoon,https://finance.yahoo.com/news/sector-financial-stocks-mixed-tuesday-184043137.html,
